# Digitized from the vector graphics of Ellingsen et al. (2026, JFM 1029 A6; arXiv:2505.06891) figure 3(b): dU = U3 - U1 [mm/s] against k0z
# case, k0z, dU [mm/s]
1.A, -1.20014, 0.3754
1.A, -1.19829, 0.3807
1.A, -1.19036, 0.4114
1.A, -1.18239, 0.4521
1.A, -1.17442, 0.4895
1.A, -1.16645, 0.5243
1.A, -1.15847, 0.5516
1.A, -1.15050, 0.5536
1.A, -1.14253, 0.5757
1.A, -1.13456, 0.6224
1.A, -1.12659, 0.6651
1.A, -1.11861, 0.6765
1.A, -1.11068, 0.6938
1.A, -1.10267, 0.7165
1.A, -1.09474, 0.7399
1.A, -1.08677, 0.7606
1.A, -1.07879, 0.7973
1.A, -1.07082, 0.8120
1.A, -1.06285, 0.8260
1.A, -1.05488, 0.8567
1.A, -1.04691, 0.8868
1.A, -1.03893, 0.9081
1.A, -1.03096, 0.9155
1.A, -1.02299, 0.9188
1.A, -1.01502, 0.9475
1.A, -1.00709, 0.9696
1.A, -0.99907, 0.9549
1.A, -0.99114, 0.9428
1.A, -0.98317, 0.9629
1.A, -0.97520, 0.9729
1.A, -0.96723, 0.9702
1.A, -0.95925, 0.9682
1.A, -0.95128, 0.9816
1.A, -0.94331, 0.9902
1.A, -0.93534, 0.9822
1.A, -0.92740, 0.9736
1.A, -0.91939, 0.9609
1.A, -0.91146, 0.9549
1.A, -0.90345, 0.9629
1.A, -0.89552, 0.9729
1.A, -0.88754, 0.9629
1.A, -0.87957, 0.9368
1.A, -0.87160, 0.9282
1.A, -0.86363, 0.9322
1.A, -0.85566, 0.9355
1.A, -0.84768, 0.9442
1.A, -0.83971, 0.9495
1.A, -0.83174, 0.9515
1.A, -0.82377, 0.9268
1.A, -0.81580, 0.9275
1.A, -0.80786, 0.9335
1.A, -0.79989, 0.9495
1.A, -0.79192, 0.9769
1.A, -0.78395, 0.9722
1.A, -0.77598, 0.9549
1.A, -0.76800, 0.9395
1.A, -0.76003, 0.9435
1.A, -0.75206, 0.9395
1.A, -0.74409, 0.9181
1.A, -0.73612, 0.9148
1.A, -0.72818, 0.9101
1.A, -0.72017, 0.9088
1.A, -0.71224, 0.9055
1.A, -0.70427, 0.9175
1.A, -0.69629, 0.9315
1.A, -0.68832, 0.9201
1.A, -0.68035, 0.9108
1.A, -0.67238, 0.9048
1.A, -0.66441, 0.9048
1.A, -0.65643, 0.8901
1.A, -0.64846, 0.8881
1.A, -0.64049, 0.8914
1.A, -0.63252, 0.8754
1.A, -0.62455, 0.8701
1.A, -0.61661, 0.8561
1.A, -0.60864, 0.8340
1.A, -0.60067, 0.8267
1.A, -0.59270, 0.8287
1.A, -0.58473, 0.8227
1.A, -0.57675, 0.7993
1.A, -0.56878, 0.7813
1.A, -0.56081, 0.7619
1.A, -0.55284, 0.7432
1.A, -0.54487, 0.7199
1.A, -0.53689, 0.6985
1.A, -0.52896, 0.6624
1.A, -0.52095, 0.6304
1.A, -0.51302, 0.6130
1.A, -0.50505, 0.6057
1.A, -0.49707, 0.5777
1.A, -0.48910, 0.5423
1.A, -0.48113, 0.5096
1.A, -0.47316, 0.4922
1.A, -0.46518, 0.4675
1.A, -0.45721, 0.4335
1.A, -0.44924, 0.3907
1.A, -0.44127, 0.3380
1.A, -0.43334, 0.2933
1.A, -0.42536, 0.2752
1.A, -0.41739, 0.2325
1.A, -0.40942, 0.1604
1.A, -0.40145, 0.1123
1.A, -0.39348, 0.0956
1.A, -0.38550, 0.0569
1.A, -0.37753, -0.0038
1.A, -0.36956, -0.0412
1.A, -0.36159, -0.0793
1.A, -0.35362, -0.1414
1.A, -0.34564, -0.1888
1.A, -0.33767, -0.2275
1.A, -0.32974, -0.2969
1.A, -0.32173, -0.3784
1.A, -0.31380, -0.4511
1.A, -0.30582, -0.5166
1.A, -0.29785, -0.5974
1.A, -0.28988, -0.6801
1.A, -0.28191, -0.7542
1.A, -0.27394, -0.8370
1.A, -0.26596, -0.9265
1.A, -0.25799, -1.0286
1.A, -0.25006, -1.1381
1.A, -0.24205, -1.2449
1.A, -0.23411, -1.3564
1.A, -0.22614, -1.4733
1.A, -0.21817, -1.5781
1.A, -0.21020, -1.6943
1.A, -0.20223, -1.8077
1.A, -0.19425, -1.9266
1.A, -0.18628, -2.0741
1.A, -0.17831, -2.2016
1.A, -0.17034, -2.3298
1.A, -0.16237, -2.4814
1.A, -0.15439, -2.6383
1.A, -0.14642, -2.8018
1.A, -0.13845, -2.9554
1.A, -0.13052, -3.1296
1.A, -0.12255, -3.3112
1.A, -0.11457, -3.4721
1.A, -0.10660, -3.6470
1.B, -1.20014, 1.5944
1.B, -1.19257, 1.5964
1.B, -1.18487, 1.5998
1.B, -1.17714, 1.6005
1.B, -1.16941, 1.5985
1.B, -1.16172, 1.5904
1.B, -1.15399, 1.5918
1.B, -1.14626, 1.5898
1.B, -1.13856, 1.5864
1.B, -1.13083, 1.5978
1.B, -1.12314, 1.5911
1.B, -1.11541, 1.5778
1.B, -1.10768, 1.5731
1.B, -1.09999, 1.5637
1.B, -1.09225, 1.5631
1.B, -1.08452, 1.5424
1.B, -1.07683, 1.5077
1.B, -1.06910, 1.4990
1.B, -1.06141, 1.4883
1.B, -1.05368, 1.4743
1.B, -1.04594, 1.4643
1.B, -1.03825, 1.4649
1.B, -1.03052, 1.4482
1.B, -1.02279, 1.4215
1.B, -1.01510, 1.4002
1.B, -1.00737, 1.3614
1.B, -0.99967, 1.3267
1.B, -0.99194, 1.3167
1.B, -0.98421, 1.3074
1.B, -0.97648, 1.2827
1.B, -0.96879, 1.2513
1.B, -0.96106, 1.2206
1.B, -0.95336, 1.1899
1.B, -0.94563, 1.1625
1.B, -0.93790, 1.1264
1.B, -0.93021, 1.1004
1.B, -0.92248, 1.0550
1.B, -0.91475, 1.0129
1.B, -0.90705, 0.9882
1.B, -0.89932, 0.9582
1.B, -0.89159, 0.9115
1.B, -0.88390, 0.8854
1.B, -0.87617, 0.8407
1.B, -0.86848, 0.7866
1.B, -0.86074, 0.7532
1.B, -0.85301, 0.7252
1.B, -0.84532, 0.6858
1.B, -0.83759, 0.6424
1.B, -0.82986, 0.5937
1.B, -0.82217, 0.5703
1.B, -0.81443, 0.5516
1.B, -0.80674, 0.5062
1.B, -0.79901, 0.4428
1.B, -0.79128, 0.3981
1.B, -0.78359, 0.3680
1.B, -0.77586, 0.3226
1.B, -0.76812, 0.2632
1.B, -0.76043, 0.2025
1.B, -0.75270, 0.1524
1.B, -0.74497, 0.0983
1.B, -0.73728, 0.0489
1.B, -0.72955, 0.0048
1.B, -0.72185, -0.0512
1.B, -0.71412, -0.0946
1.B, -0.70639, -0.1314
1.B, -0.69870, -0.1901
1.B, -0.69097, -0.2589
1.B, -0.68323, -0.3190
1.B, -0.67554, -0.3664
1.B, -0.66781, -0.4358
1.B, -0.66012, -0.4892
1.B, -0.65239, -0.5526
1.B, -0.64466, -0.6261
1.B, -0.63692, -0.6915
1.B, -0.62923, -0.7629
1.B, -0.62150, -0.8470
1.B, -0.61381, -0.9285
1.B, -0.60608, -1.0046
1.B, -0.59835, -1.0714
1.B, -0.59065, -1.1395
1.B, -0.58292, -1.2403
1.B, -0.57519, -1.3351
1.B, -0.56750, -1.4165
1.B, -0.55977, -1.4893
1.B, -0.55208, -1.5674
1.B, -0.54434, -1.6602
1.B, -0.53661, -1.7417
1.B, -0.52892, -1.8191
1.B, -0.52119, -1.8965
1.B, -0.51346, -1.9820
1.B, -0.50577, -2.0655
1.B, -0.49803, -2.1576
1.B, -0.49030, -2.2504
1.B, -0.48261, -2.3252
1.B, -0.47488, -2.4146
1.B, -0.46719, -2.5168
1.B, -0.45946, -2.6156
1.B, -0.45172, -2.7184
1.B, -0.44403, -2.8038
1.B, -0.43630, -2.9006
1.B, -0.42857, -3.0068
1.B, -0.42088, -3.1023
1.B, -0.41315, -3.1944
1.B, -0.40545, -3.2985
1.B, -0.39772, -3.3994
1.B, -0.38999, -3.4975
1.B, -0.38230, -3.6083
1.B, -0.37457, -3.7211
1.B, -0.36684, -3.8240
1.B, -0.35914, -3.9301
1.B, -0.35141, -4.0396
1.B, -0.34368, -4.1624
1.B, -0.33599, -4.2773
1.B, -0.32826, -4.3861
1.B, -0.32057, -4.5056
1.B, -0.31283, -4.6218
1.B, -0.30510, -4.7486
1.B, -0.29741, -4.8675
1.B, -0.28968, -4.9923
1.B, -0.28195, -5.1265
1.B, -0.27426, -5.2453
1.B, -0.26652, -5.3675
1.B, -0.25883, -5.4970
1.B, -0.25110, -5.6312
1.B, -0.24337, -5.7681
1.B, -0.23568, -5.9096
1.B, -0.22795, -6.0385
1.B, -0.22021, -6.1753
1.B, -0.21252, -6.2982
1.B, -0.20479, -6.4203
1.B, -0.19706, -6.5625
1.B, -0.18937, -6.6941
1.B, -0.18164, -6.8182
1.B, -0.17390, -6.9544
1.B, -0.16621, -7.0813
1.B, -0.15075, -7.3336
1.B, -0.14306, -7.4805
1.B, -0.13533, -7.6034
1.B, -0.12763, -7.7235
1.B, -0.11990, -7.8544
1.B, -0.11217, -7.9746
1.B, -0.10448, -8.0807
1.C1, -1.20014, 0.1137
1.C1, -1.19745, 0.1117
1.C1, -1.18992, 0.1197
1.C1, -1.18235, 0.1404
1.C1, -1.17482, 0.1571
1.C1, -1.16725, 0.1597
1.C1, -1.15972, 0.1551
1.C1, -1.15219, 0.1484
1.C1, -1.14461, 0.1637
1.C1, -1.13708, 0.1798
1.C1, -1.12951, 0.1884
1.C1, -1.12198, 0.2025
1.C1, -1.11441, 0.2091
1.C1, -1.10688, 0.2158
1.C1, -1.09935, 0.2178
1.C1, -1.09177, 0.2385
1.C1, -1.08424, 0.2445
1.C1, -1.07667, 0.2212
1.C1, -1.06914, 0.2031
1.C1, -1.06157, 0.2098
1.C1, -1.05404, 0.1991
1.C1, -1.04647, 0.1844
1.C1, -1.03893, 0.1811
1.C1, -1.03140, 0.1764
1.C1, -1.02383, 0.1631
1.C1, -1.01630, 0.1617
1.C1, -1.00873, 0.1631
1.C1, -1.00120, 0.1537
1.C1, -0.99363, 0.1437
1.C1, -0.98609, 0.1397
1.C1, -0.97852, 0.1430
1.C1, -0.97099, 0.1464
1.C1, -0.96342, 0.1357
1.C1, -0.95589, 0.1217
1.C1, -0.94832, 0.1137
1.C1, -0.94079, 0.0863
1.C1, -0.93325, 0.0729
1.C1, -0.92568, 0.0696
1.C1, -0.91815, 0.0422
1.C1, -0.91058, 0.0215
1.C1, -0.90305, -0.0005
1.C1, -0.89548, -0.0265
1.C1, -0.88795, -0.0619
1.C1, -0.88041, -0.0819
1.C1, -0.87284, -0.1026
1.C1, -0.86531, -0.1233
1.C1, -0.85774, -0.1307
1.C1, -0.85021, -0.1454
1.C1, -0.84264, -0.1641
1.C1, -0.83510, -0.1808
1.C1, -0.82753, -0.2061
1.C1, -0.82000, -0.2302
1.C1, -0.81243, -0.2529
1.C1, -0.80490, -0.2829
1.C1, -0.79737, -0.3183
1.C1, -0.78980, -0.3537
1.C1, -0.78226, -0.3837
1.C1, -0.77469, -0.4091
1.C1, -0.76716, -0.4385
1.C1, -0.75959, -0.4925
1.C1, -0.75206, -0.5359
1.C1, -0.74449, -0.5586
1.C1, -0.73696, -0.5860
1.C1, -0.72942, -0.6407
1.C1, -0.72185, -0.6928
1.C1, -0.71432, -0.7456
1.C1, -0.70675, -0.7950
1.C1, -0.69922, -0.8417
1.C1, -0.69165, -0.8938
1.C1, -0.68412, -0.9612
1.C1, -0.67654, -1.0220
1.C1, -0.66901, -1.0720
1.C1, -0.66148, -1.1188
1.C1, -0.65391, -1.1668
1.C1, -0.64638, -1.2209
1.C1, -0.63881, -1.2757
1.C1, -0.63128, -1.3331
1.C1, -0.62370, -1.3798
1.C1, -0.61617, -1.4359
1.C1, -0.60860, -1.4966
1.C1, -0.60107, -1.5467
1.C1, -0.59350, -1.5988
1.C1, -0.58597, -1.6422
1.C1, -0.57844, -1.6956
1.C1, -0.57086, -1.7764
1.C1, -0.56333, -1.8445
1.C1, -0.55576, -1.9032
1.C1, -0.54823, -1.9459
1.C1, -0.54066, -2.0000
1.C1, -0.53313, -2.0601
1.C1, -0.52556, -2.1302
1.C1, -0.51802, -2.2043
1.C1, -0.51045, -2.2758
1.C1, -0.50292, -2.3539
1.C1, -0.49539, -2.4427
1.C1, -0.48782, -2.5228
1.C1, -0.48029, -2.5935
1.C1, -0.47272, -2.6763
1.C1, -0.46518, -2.7611
1.C1, -0.45761, -2.8492
1.C1, -0.44255, -3.0255
1.C1, -0.43498, -3.1036
1.C1, -0.42745, -3.1857
1.C1, -0.41988, -3.2772
1.C1, -0.41234, -3.3700
1.C1, -0.40477, -3.4641
1.C1, -0.39724, -3.5522
1.C1, -0.38967, -3.6250
1.C1, -0.38214, -3.7078
1.C1, -0.37461, -3.8039
1.C1, -0.36704, -3.8947
1.C1, -0.35950, -3.9768
1.C1, -0.35193, -4.0603
1.C1, -0.34440, -4.1397
1.C1, -0.33683, -4.2332
1.C1, -0.32930, -4.3367
1.C1, -0.32173, -4.4335
1.C1, -0.31420, -4.5176
1.C1, -0.30662, -4.6251
1.C1, -0.29909, -4.7346
1.C1, -0.29152, -4.8401
1.C1, -0.28399, -4.9409
1.C1, -0.27646, -5.0544
1.C1, -0.26889, -5.1652
1.C1, -0.26136, -5.2700
1.C1, -0.25378, -5.3849
1.C1, -0.24625, -5.4850
1.C1, -0.23868, -5.5825
1.C1, -0.23115, -5.7073
1.C1, -0.22362, -5.8128
1.C1, -0.21605, -5.9196
1.C1, -0.20852, -6.0418
1.C1, -0.20094, -6.1553
1.C1, -0.19341, -6.2568
1.C1, -0.18584, -6.3676
1.C1, -0.17831, -6.4798
1.C1, -0.17074, -6.5986
1.C1, -0.16321, -6.7067
1.C1, -0.15568, -6.8202
1.C1, -0.14810, -6.9411
1.C1, -0.14057, -7.0559
1.C1, -0.13300, -7.1788
1.C1, -0.12547, -7.2876
1.C1, -0.11790, -7.3837
1.C1, -0.11037, -7.4892
1.C2, -1.20014, -0.4652
1.C2, -1.19373, -0.4732
1.C2, -1.18620, -0.5086
1.C2, -1.17867, -0.5379
1.C2, -1.17109, -0.5473
1.C2, -1.16356, -0.5580
1.C2, -1.15599, -0.5700
1.C2, -1.14846, -0.5787
1.C2, -1.14089, -0.5827
1.C2, -1.12583, -0.6294
1.C2, -1.11825, -0.6695
1.C2, -1.11072, -0.6755
1.C2, -1.10315, -0.6661
1.C2, -1.09562, -0.6875
1.C2, -1.08805, -0.6988
1.C2, -1.08052, -0.6821
1.C2, -1.07295, -0.6895
1.C2, -1.06541, -0.6728
1.C2, -1.05784, -0.6514
1.C2, -1.05031, -0.6361
1.C2, -1.04274, -0.6287
1.C2, -1.03521, -0.6214
1.C2, -1.02768, -0.5947
1.C2, -1.02011, -0.5780
1.C2, -1.01257, -0.5379
1.C2, -1.00500, -0.5426
1.C2, -0.99747, -0.5787
1.C2, -0.98990, -0.5900
1.C2, -0.98237, -0.6100
1.C2, -0.97480, -0.6054
1.C2, -0.96727, -0.6027
1.C2, -0.95973, -0.6234
1.C2, -0.95216, -0.6434
1.C2, -0.94463, -0.6327
1.C2, -0.93706, -0.6494
1.C2, -0.92953, -0.6554
1.C2, -0.92196, -0.6407
1.C2, -0.91443, -0.6628
1.C2, -0.90689, -0.7135
1.C2, -0.89932, -0.7376
1.C2, -0.89179, -0.7629
1.C2, -0.88422, -0.7896
1.C2, -0.87669, -0.8010
1.C2, -0.86912, -0.7990
1.C2, -0.86159, -0.8157
1.C2, -0.85401, -0.8497
1.C2, -0.84648, -0.8784
1.C2, -0.83891, -0.9031
1.C2, -0.83138, -0.9098
1.C2, -0.82385, -0.8998
1.C2, -0.81628, -0.9178
1.C2, -0.80875, -0.9252
1.C2, -0.80117, -0.9605
1.C2, -0.79364, -0.9986
1.C2, -0.78607, -1.0260
1.C2, -0.77854, -1.0386
1.C2, -0.77097, -1.0774
1.C2, -0.76344, -1.0874
1.C2, -0.75586, -1.1034
1.C2, -0.74833, -1.1328
1.C2, -0.74076, -1.1441
1.C2, -0.73323, -1.1281
1.C2, -0.72570, -1.1314
1.C2, -0.71813, -1.1742
1.C2, -0.71060, -1.1995
1.C2, -0.70307, -1.2202
1.C2, -0.69549, -1.2289
1.C2, -0.68796, -1.2556
1.C2, -0.68039, -1.2850
1.C2, -0.67286, -1.3117
1.C2, -0.66529, -1.3244
1.C2, -0.65776, -1.3458
1.C2, -0.65018, -1.3718
1.C2, -0.64265, -1.4018
1.C2, -0.63508, -1.4613
1.C2, -0.62755, -1.4933
1.C2, -0.61998, -1.5207
1.C2, -0.61245, -1.5240
1.C2, -0.60492, -1.5567
1.C2, -0.59734, -1.5874
1.C2, -0.58981, -1.5894
1.C2, -0.58224, -1.6048
1.C2, -0.57471, -1.6088
1.C2, -0.56714, -1.6342
1.C2, -0.55961, -1.6589
1.C2, -0.55204, -1.6949
1.C2, -0.54450, -1.7390
1.C2, -0.53697, -1.7630
1.C2, -0.52940, -1.8037
1.C2, -0.52187, -1.8618
1.C2, -0.51430, -1.8965
1.C2, -0.50677, -1.9379
1.C2, -0.49920, -1.9693
1.C2, -0.49166, -2.0194
1.C2, -0.48413, -2.0755
1.C2, -0.47656, -2.1255
1.C2, -0.46903, -2.1589
1.C2, -0.46146, -2.1990
1.C2, -0.45393, -2.2611
1.C2, -0.44636, -2.2851
1.C2, -0.43882, -2.3298
1.C2, -0.43125, -2.3632
1.C2, -0.42372, -2.4193
1.C2, -0.41615, -2.4493
1.C2, -0.40862, -2.5027
1.C2, -0.40109, -2.5541
1.C2, -0.39352, -2.5862
1.C2, -0.38598, -2.6296
1.C2, -0.37841, -2.6797
1.C2, -0.37088, -2.7471
1.C2, -0.36331, -2.7878
1.C2, -0.35578, -2.8192
1.C2, -0.34821, -2.8673
1.C2, -0.34068, -2.9207
1.C2, -0.33310, -2.9788
1.C2, -0.32557, -3.0148
1.C2, -0.31800, -3.0635
1.C2, -0.31047, -3.1370
1.C2, -0.30294, -3.1891
1.C2, -0.29537, -3.2371
1.C2, -0.28784, -3.2999
1.C2, -0.28026, -3.3366
1.C2, -0.27273, -3.3853
1.C2, -0.26516, -3.4748
1.C2, -0.25763, -3.5529
1.C2, -0.25010, -3.5816
1.C2, -0.24253, -3.6811
1.C2, -0.23500, -3.7973
1.C2, -0.22742, -3.8413
1.C2, -0.21989, -3.9128
1.C2, -0.21232, -3.9862
1.C2, -0.20479, -4.0416
1.C2, -0.19722, -4.1251
1.C2, -0.18969, -4.2058
1.C2, -0.18216, -4.2906
1.C2, -0.17458, -4.3667
1.C2, -0.16705, -4.4268
1.C2, -0.15948, -4.5103
1.C2, -0.15195, -4.5944
1.C2, -0.14438, -4.6685
1.C2, -0.13685, -4.7319
1.C2, -0.12928, -4.8147
1.C2, -0.12174, -4.8775
1.C2, -0.11417, -4.9122
1.C2, -0.10664, -4.9763
1.D, -1.20014, 0.8374
1.D, -1.19273, 0.8020
1.D, -1.18491, 0.7666
1.D, -1.17710, 0.7272
1.D, -1.16933, 0.6858
1.D, -1.16152, 0.6645
1.D, -1.15371, 0.6438
1.D, -1.14594, 0.6070
1.D, -1.13812, 0.5690
1.D, -1.13031, 0.5396
1.D, -1.12250, 0.5122
1.D, -1.11469, 0.4822
1.D, -1.10692, 0.4375
1.D, -1.09910, 0.4021
1.D, -1.09129, 0.3654
1.D, -1.08352, 0.3253
1.D, -1.07571, 0.3066
1.D, -1.06790, 0.2759
1.D, -1.06009, 0.2285
1.D, -1.05231, 0.1818
1.D, -1.04450, 0.1284
1.D, -1.03669, 0.0863
1.D, -1.02892, 0.0416
1.D, -1.02111, -0.0145
1.D, -1.01329, -0.0546
1.D, -1.00548, -0.0900
1.D, -0.99771, -0.1267
1.D, -0.98990, -0.1701
1.D, -0.98209, -0.2048
1.D, -0.97428, -0.2509
1.D, -0.96650, -0.2963
1.D, -0.95869, -0.3370
1.D, -0.95088, -0.3924
1.D, -0.94311, -0.4598
1.D, -0.93530, -0.5192
1.D, -0.92748, -0.5780
1.D, -0.91967, -0.6341
1.D, -0.91190, -0.6948
1.D, -0.90409, -0.7456
1.D, -0.89628, -0.7729
1.D, -0.88847, -0.8137
1.D, -0.88069, -0.8717
1.D, -0.87288, -0.9338
1.D, -0.86507, -0.9866
1.D, -0.85726, -1.0413
1.D, -0.84949, -1.1027
1.D, -0.84167, -1.1782
1.D, -0.83386, -1.2590
1.D, -0.82609, -1.3191
1.D, -0.81828, -1.3912
1.D, -0.81047, -1.4840
1.D, -0.80270, -1.5621
1.D, -0.79488, -1.6382
1.D, -0.78707, -1.7129
1.D, -0.77926, -1.7757
1.D, -0.77145, -1.8525
1.D, -0.76368, -1.9379
1.D, -0.75586, -2.0107
1.D, -0.74805, -2.0821
1.D, -0.74024, -2.1582
1.D, -0.73247, -2.2283
1.D, -0.72466, -2.2804
1.D, -0.71685, -2.3358
1.D, -0.70907, -2.4086
1.D, -0.70126, -2.4780
1.D, -0.69345, -2.5515
1.D, -0.68564, -2.6336
1.D, -0.67787, -2.7337
1.D, -0.67006, -2.8219
1.D, -0.66224, -2.8900
1.D, -0.65443, -2.9634
1.D, -0.64666, -3.0328
1.D, -0.63885, -3.1103
1.D, -0.63104, -3.1977
1.D, -0.62326, -3.2758
1.D, -0.61545, -3.3393
1.D, -0.60764, -3.4207
1.D, -0.59983, -3.5142
1.D, -0.59206, -3.6263
1.D, -0.58425, -3.7392
1.D, -0.57643, -3.8467
1.D, -0.56866, -3.9575
1.D, -0.56085, -4.0663
1.D, -0.55304, -4.1691
1.D, -0.54523, -4.2833
1.D, -0.53741, -4.4028
1.D, -0.52964, -4.5150
1.D, -0.52183, -4.6118
1.D, -0.51402, -4.7346
1.D, -0.50625, -4.8708
1.D, -0.49844, -4.9709
1.D, -0.49062, -5.0844
1.D, -0.48281, -5.2186
1.D, -0.47504, -5.3441
1.D, -0.46723, -5.4770
1.D, -0.45942, -5.6192
1.D, -0.45164, -5.7480
1.D, -0.44383, -5.8816
1.D, -0.43602, -6.0164
1.D, -0.42821, -6.1346
1.D, -0.42044, -6.2414
1.D, -0.41263, -6.3522
1.D, -0.40481, -6.4838
1.D, -0.39700, -6.6099
1.D, -0.38923, -6.7181
1.D, -0.38142, -6.8249
1.D, -0.37361, -6.9364
1.D, -0.36583, -7.0666
1.D, -0.35802, -7.2095
1.D, -0.35021, -7.3397
1.D, -0.34240, -7.4892
1.D, -0.33463, -7.6528
1.D, -0.32682, -7.7850
1.D, -0.31900, -7.9305
1.D, -0.31119, -8.0881
1.D, -0.30342, -8.2389
1.D, -0.29561, -8.3912
1.D, -0.28780, -8.5320
1.D, -0.27998, -8.6602
1.D, -0.27221, -8.8144
1.D, -0.26440, -8.9713
1.D, -0.25659, -9.1295
1.D, -0.24882, -9.2898
1.D, -0.24101, -9.4527
1.D, -0.23319, -9.6142
1.D, -0.22542, -9.7731
1.D, -0.21761, -9.9440
1.D, -0.20980, -10.1283
1.D, -0.20199, -10.2885
1.D, -0.19417, -10.4561
1.D, -0.18640, -10.6384
1.D, -0.17859, -10.8019
1.D, -0.17078, -10.9762
1.D, -0.16301, -11.1538
1.D, -0.15520, -11.3220
1.D, -0.14738, -11.4802
1.D, -0.13957, -11.6718
1.D, -0.13180, -11.8408
1.D, -0.12399, -11.9916
1.D, -0.11618, -12.1412
1.D, -0.10840, -12.2800
