# all fluid columns: k0z, U1_lab [m/s], U3_lab [m/s], dU_raw [mm/s], dU_raw_se [mm/s], dU_paired [mm/s], dU_paired_se [mm/s], dU_raw_one_plane [mm/s], dU_raw_one_plane_se [mm/s]  (8 seeds)
-3.68184, -0.340039, -0.339373, 0.6660, 0.8976, 0.3972, 0.0290, NaN, NaN
-3.60668, -0.339885, -0.339508, 0.3769, 0.8372, 0.4320, 0.0276, NaN, NaN
-3.53384, -0.339887, -0.339532, 0.3548, 0.8201, 0.4336, 0.0289, NaN, NaN
-3.46323, -0.339885, -0.339542, 0.3432, 0.8172, 0.4676, 0.0299, NaN, NaN
-3.39478, -0.339866, -0.339515, 0.3512, 0.8016, 0.5225, 0.0307, NaN, NaN
-3.32841, -0.339823, -0.339484, 0.3381, 0.7827, 0.5665, 0.0365, NaN, NaN
-3.26406, -0.339773, -0.339469, 0.3038, 0.7666, 0.5773, 0.0458, NaN, NaN
-3.20165, -0.339733, -0.339444, 0.2892, 0.7595, 0.5898, 0.0517, NaN, NaN
-3.14112, -0.339703, -0.339399, 0.3032, 0.7582, 0.6140, 0.0539, NaN, NaN
-3.08238, -0.339678, -0.339354, 0.3243, 0.7552, 0.6412, 0.0537, NaN, NaN
-3.02538, -0.339654, -0.339314, 0.3402, 0.7437, 0.6758, 0.0576, NaN, NaN
-2.97005, -0.339631, -0.339272, 0.3589, 0.7209, 0.7174, 0.0628, NaN, NaN
-2.91633, -0.339608, -0.339216, 0.3919, 0.6876, 0.7573, 0.0630, NaN, NaN
-2.86415, -0.339588, -0.339155, 0.4330, 0.6502, 0.7958, 0.0591, NaN, NaN
-2.81345, -0.339578, -0.339089, 0.4893, 0.6104, 0.8392, 0.0498, NaN, NaN
-2.76417, -0.339581, -0.339019, 0.5620, 0.5710, 0.8827, 0.0451, NaN, NaN
-2.71626, -0.339593, -0.338946, 0.6476, 0.5302, 0.9234, 0.0433, NaN, NaN
-2.66966, -0.339613, -0.338874, 0.7382, 0.4841, 0.9577, 0.0444, NaN, NaN
-2.62432, -0.339634, -0.338802, 0.8322, 0.4345, 0.9899, 0.0526, NaN, NaN
-2.58017, -0.339658, -0.338726, 0.9325, 0.3857, 1.0350, 0.0618, NaN, NaN
-2.53718, -0.339682, -0.338641, 1.0411, 0.3446, 1.0926, 0.0695, NaN, NaN
-2.49530, -0.339706, -0.338549, 1.1564, 0.3153, 1.1564, 0.0705, NaN, NaN
-2.45447, -0.339730, -0.338463, 1.2665, 0.2913, 1.2145, 0.0677, NaN, NaN
-2.41465, -0.339755, -0.338383, 1.3716, 0.2683, 1.2618, 0.0686, NaN, NaN
-2.37580, -0.339780, -0.338304, 1.4761, 0.2452, 1.3041, 0.0731, NaN, NaN
-2.33788, -0.339806, -0.338227, 1.5798, 0.2215, 1.3448, 0.0789, NaN, NaN
-2.30084, -0.339835, -0.338155, 1.6795, 0.1975, 1.3838, 0.0852, NaN, NaN
-2.26465, -0.339862, -0.338087, 1.7751, 0.1753, 1.4269, 0.0908, NaN, NaN
-2.22926, -0.339885, -0.338026, 1.8585, 0.1599, 1.4683, 0.0965, NaN, NaN
-2.19465, -0.339904, -0.337979, 1.9246, 0.1536, 1.5059, 0.1023, NaN, NaN
-2.16077, -0.339920, -0.337939, 1.9808, 0.1555, 1.5475, 0.1073, NaN, NaN
-2.12760, -0.339937, -0.337898, 2.0393, 0.1616, 1.5935, 0.1126, NaN, NaN
-2.09510, -0.339954, -0.337853, 2.1006, 0.1700, 1.6369, 0.1183, NaN, NaN
-2.06324, -0.339970, -0.337809, 2.1615, 0.1784, 1.6743, 0.1231, NaN, NaN
-2.03199, -0.339984, -0.337765, 2.2182, 0.1873, 1.7070, 0.1267, NaN, NaN
-2.00132, -0.339993, -0.337725, 2.2682, 0.1991, 1.7411, 0.1304, NaN, NaN
-1.97121, -0.339998, -0.337688, 2.3102, 0.2125, 1.7794, 0.1330, NaN, NaN
-1.94163, -0.339998, -0.337654, 2.3439, 0.2242, 1.8206, 0.1331, NaN, NaN
-1.91255, -0.339995, -0.337628, 2.3673, 0.2329, 1.8603, 0.1310, NaN, NaN
-1.88396, -0.339992, -0.337610, 2.3818, 0.2406, 1.8944, 0.1298, NaN, NaN
-1.85582, -0.339989, -0.337596, 2.3928, 0.2476, 1.9217, 0.1286, NaN, NaN
-1.82813, -0.339990, -0.337586, 2.4044, 0.2549, 1.9467, 0.1275, NaN, NaN
-1.80084, -0.339994, -0.337578, 2.4155, 0.2642, 1.9690, 0.1281, NaN, NaN
-1.77396, -0.340002, -0.337574, 2.4276, 0.2765, 1.9909, 0.1303, NaN, NaN
-1.74745, -0.340014, -0.337574, 2.4397, 0.2910, 2.0109, 0.1327, NaN, NaN
-1.72130, -0.340028, -0.337579, 2.4486, 0.3068, 2.0254, 0.1345, NaN, NaN
-1.69549, -0.340042, -0.337586, 2.4565, 0.3244, 2.0381, 0.1366, NaN, NaN
-1.67001, -0.340057, -0.337594, 2.4629, 0.3431, 2.0493, 0.1389, NaN, NaN
-1.64483, -0.340071, -0.337604, 2.4672, 0.3620, 2.0575, 0.1404, NaN, NaN
-1.61996, -0.340085, -0.337616, 2.4685, 0.3798, 2.0628, 0.1406, NaN, NaN
-1.59536, -0.340096, -0.337632, 2.4637, 0.3962, 2.0657, 0.1403, NaN, NaN
-1.57102, -0.340103, -0.337650, 2.4532, 0.4120, 2.0683, 0.1396, NaN, NaN
-1.54694, -0.340108, -0.337668, 2.4402, 0.4276, 2.0716, 0.1387, NaN, NaN
-1.52310, -0.340112, -0.337686, 2.4257, 0.4429, 2.0753, 0.1374, NaN, NaN
-1.49949, -0.340117, -0.337706, 2.4112, 0.4575, 2.0782, 0.1354, NaN, NaN
-1.47610, -0.340122, -0.337725, 2.3964, 0.4710, 2.0804, 0.1329, NaN, NaN
-1.45291, -0.340125, -0.337746, 2.3791, 0.4832, 2.0821, 0.1311, NaN, NaN
-1.42992, -0.340125, -0.337769, 2.3562, 0.4948, 2.0817, 0.1307, NaN, NaN
-1.40711, -0.340123, -0.337795, 2.3276, 0.5061, 2.0770, 0.1328, NaN, NaN
-1.38448, -0.340119, -0.337824, 2.2946, 0.5172, 2.0673, 0.1359, NaN, NaN
-1.36203, -0.340115, -0.337856, 2.2593, 0.5272, 2.0528, 0.1387, NaN, NaN
-1.33973, -0.340112, -0.337889, 2.2231, 0.5359, 2.0338, 0.1410, NaN, NaN
-1.31758, -0.340112, -0.337925, 2.1866, 0.5435, 2.0096, 0.1429, NaN, NaN
-1.29557, -0.340114, -0.337966, 2.1476, 0.5495, 1.9790, 0.1436, NaN, NaN
-1.27371, -0.340117, -0.338011, 2.1055, 0.5532, 1.9431, 0.1434, NaN, NaN
-1.25197, -0.340120, -0.338061, 2.0591, 0.5550, 1.9041, 0.1431, NaN, NaN
-1.23035, -0.340123, -0.338114, 2.0091, 0.5559, 1.8648, 0.1427, NaN, NaN
-1.20886, -0.340127, -0.338172, 1.9556, 0.5563, 1.8257, 0.1421, NaN, NaN
-1.18747, -0.340132, -0.338233, 1.8986, 0.5566, 1.7851, 0.1409, NaN, NaN
-1.16619, -0.340135, -0.338298, 1.8371, 0.5563, 1.7413, 0.1395, NaN, NaN
-1.14501, -0.340140, -0.338369, 1.7708, 0.5552, 1.6927, 0.1375, NaN, NaN
-1.12392, -0.340145, -0.338445, 1.7002, 0.5529, 1.6379, 0.1353, NaN, NaN
-1.10292, -0.340152, -0.338526, 1.6263, 0.5504, 1.5768, 0.1335, NaN, NaN
-1.08201, -0.340161, -0.338611, 1.5504, 0.5477, 1.5115, 0.1325, NaN, NaN
-1.06118, -0.340171, -0.338700, 1.4713, 0.5451, 1.4405, 0.1324, NaN, NaN
-1.04042, -0.340182, -0.338797, 1.3847, 0.5425, 1.3606, 0.1323, NaN, NaN
-1.01974, -0.340192, -0.338901, 1.2906, 0.5403, 1.2742, 0.1312, NaN, NaN
-0.99913, -0.340202, -0.339011, 1.1919, 0.5388, 1.1841, 0.1303, NaN, NaN
-0.97858, -0.340214, -0.339123, 1.0913, 0.5377, 1.0924, 0.1307, NaN, NaN
-0.95810, -0.340227, -0.339239, 0.9880, 0.5365, 0.9978, 0.1338, NaN, NaN
-0.93767, -0.340239, -0.339358, 0.8804, 0.5354, 0.8979, 0.1400, NaN, NaN
-0.91730, -0.340248, -0.339481, 0.7673, 0.5344, 0.7920, 0.1489, NaN, NaN
-0.89698, -0.340255, -0.339607, 0.6474, 0.5329, 0.6800, 0.1601, NaN, NaN
-0.87671, -0.340258, -0.339739, 0.5196, 0.5306, 0.5604, 0.1721, NaN, NaN
-0.85649, -0.340259, -0.339876, 0.3824, 0.5278, 0.4325, 0.1827, NaN, NaN
-0.83632, -0.340257, -0.340019, 0.2378, 0.5248, 0.2997, 0.1915, NaN, NaN
-0.81618, -0.340254, -0.340166, 0.0873, 0.5226, 0.1626, 0.1982, NaN, NaN
-0.79609, -0.340250, -0.340318, -0.0682, 0.5209, 0.0209, 0.2026, NaN, NaN
-0.77603, -0.340246, -0.340475, -0.2287, 0.5200, -0.1248, 0.2043, NaN, NaN
-0.75601, -0.340241, -0.340635, -0.3942, 0.5195, -0.2756, 0.2035, NaN, NaN
-0.73603, -0.340237, -0.340802, -0.5654, 0.5191, -0.4320, 0.2003, NaN, NaN
-0.71608, -0.340232, -0.340974, -0.7420, 0.5190, -0.5925, 0.1947, NaN, NaN
-0.69616, -0.340228, -0.341152, -0.9247, 0.5197, -0.7585, 0.1872, NaN, NaN
-0.67626, -0.340222, -0.341336, -1.1145, 0.5213, -0.9329, 0.1791, NaN, NaN
-0.65640, -0.340215, -0.341527, -1.3120, 0.5239, -1.1148, 0.1706, NaN, NaN
-0.63656, -0.340207, -0.341723, -1.5159, 0.5273, -1.3011, 0.1623, NaN, NaN
-0.61675, -0.340199, -0.341925, -1.7264, 0.5309, -1.4909, 0.1546, NaN, NaN
-0.59695, -0.340191, -0.342134, -1.9434, 0.5347, -1.6856, 0.1477, NaN, NaN
-0.57719, -0.340184, -0.342349, -2.1651, 0.5394, -1.8850, 0.1430, NaN, NaN
-0.55744, -0.340179, -0.342569, -2.3899, 0.5447, -2.0866, 0.1409, NaN, NaN
-0.53771, -0.340176, -0.342795, -2.6189, 0.5504, -2.2919, 0.1408, NaN, NaN
-0.51800, -0.340175, -0.343027, -2.8525, 0.5569, -2.5010, 0.1430, NaN, NaN
-0.49831, -0.340176, -0.343266, -3.0906, 0.5640, -2.7144, 0.1469, NaN, NaN
-0.47864, -0.340179, -0.343511, -3.3319, 0.5714, -2.9338, 0.1520, NaN, NaN
-0.45898, -0.340187, -0.343761, -3.5745, 0.5788, -3.1585, 0.1573, NaN, NaN
-0.43933, -0.340197, -0.344016, -3.8189, 0.5865, -3.3878, 0.1629, NaN, NaN
-0.41971, -0.340209, -0.344277, -4.0679, 0.5942, -3.6239, 0.1682, NaN, NaN
-0.40009, -0.340222, -0.344545, -4.3227, 0.6020, -3.8669, 0.1731, NaN, NaN
-0.38049, -0.340234, -0.344820, -4.5853, 0.6092, -4.1185, 0.1779, NaN, NaN
-0.36090, -0.340246, -0.345103, -4.8570, 0.6163, -4.3814, 0.1835, NaN, NaN
-0.34132, -0.340255, -0.345395, -5.1397, 0.6237, -4.6584, 0.1905, NaN, NaN
-0.32175, -0.340263, -0.345698, -5.4346, 0.6323, -4.9508, 0.1985, NaN, NaN
-0.30219, -0.340271, -0.346011, -5.7398, 0.6416, -5.2555, 0.2069, NaN, NaN
-0.28264, -0.340279, -0.346333, -6.0543, 0.6507, -5.5717, 0.2152, NaN, NaN
-0.26310, -0.340289, -0.346667, -6.3776, 0.6595, -5.8988, 0.2227, NaN, NaN
-0.24357, -0.340301, -0.347010, -6.7088, 0.6671, -6.2333, 0.2285, NaN, NaN
-0.22405, -0.340315, -0.347364, -7.0488, 0.6727, -6.5743, 0.2323, NaN, NaN
-0.20453, -0.340331, -0.347729, -7.3974, 0.6763, -6.9218, 0.2334, NaN, NaN
-0.18503, -0.340350, -0.348103, -7.7531, 0.6782, -7.2761, 0.2331, NaN, NaN
-0.16552, -0.340369, -0.348485, -8.1158, 0.6781, -7.6368, 0.2334, NaN, NaN
-0.14603, -0.340390, -0.348873, -8.4835, 0.6757, -8.0017, 0.2365, NaN, NaN
-0.12654, -0.340412, -0.349265, -8.8531, 0.6706, -8.3688, 0.2426, NaN, NaN
-0.10706, -0.340437, -0.349661, -9.2238, 0.6619, -8.7407, 0.2511, NaN, NaN
-0.08758, -0.340465, -0.350058, -9.5923, 0.6487, -9.1172, 0.2606, NaN, NaN
-0.06811, -0.340496, -0.350453, -9.9562, 0.6324, -9.4985, 0.2717, NaN, NaN
-0.04865, -0.340527, -0.350842, -10.3151, 0.6131, -9.8835, 0.2902, NaN, NaN
-0.02918, -0.340548, -0.351219, -10.6718, 0.6072, -10.2651, 0.3167, NaN, NaN
-0.00973, -0.340518, -0.351277, -10.7586, 0.4973, -10.3003, 0.3562, NaN, NaN
